<?xml version="1.0" encoding="utf-8"?><feed xmlns="http://www.w3.org/2005/Atom" xml:lang="en"><generator uri="https://jekyllrb.com/" version="3.8.5">Jekyll</generator><link href="https://www.wootag.com/feed.xml" rel="self" type="application/atom+xml" /><link href="https://www.wootag.com/" rel="alternate" type="text/html" hreflang="en" /><updated>2019-02-01T15:51:50+05:30</updated><id>https://www.wootag.com/feed.xml</id><title type="html">Wootag</title><subtitle>Wootag is a revolutionary interactive video platform that lets your viewers engage with your brand and make purchases across multiple social media platforms – all from inside your video.</subtitle></feed>